CTE_Aulacoctena_acuminata1|v8-097150	955	727.71	37	1.03403
CTE_Aulacoctena_acuminata1|v8-097151	1172	944.71	81	1.74371
CTE_Bathocyroe_fosteri1|v8-54212	533	314.9	20.2458	2.13723
CTE_Bathocyroe_fosteri1|v8-54213	1871	1651.94	325.815	6.55642
CTE_Bathyctena_chuni1|v8-034588	317	129.287	7	1.94883
CTE_Bathyctena_chuni1|v8-095335	504	304.574	9.20068	1.08732
CTE_Bathyctena_chuni1|v8-095336	504	304.574	18.4817	2.18412
CTE_Bathyctena_chuni1|v8-095337	892	691.275	1.51663	0.078969
CTE_Bathyctena_chuni1|v8-095338	311	124.2	2.0478	0.593462
CTE_Bathyctena_chuni1|v8-095339	2189	1988.28	796.759	14.4238
CTE_Bathyctena_chuni1|v8-095340	651	450.62	4.08234	0.326082
CTE_Bathyctena_chuni1|v8-095341	2183	1982.28	112.227	2.0378
CTE_Bathyctena_chuni1|v8-095665	405	209.232	4.29698	0.739203
CTE_Bathyctena_chuni1|v8-095666	405	209.232	6.60589	1.1364
CTE_Bathyctena_chuni1|v8-095667	1482	1281.28	75.887	2.13183
CTE_Bathyctena_chuni1|v8-095668	2170	1969.28	210.405	3.84573
CTE_Bathyctena_chuni1|v8-095669	2176	1975.28	1789.63	32.6109
CTE_Bathyctena_chuni1|v8-095670	1482	1281.28	9.99916	0.280899
CTE_Bathyctena_chuni1|v8-095672	474	275.31	13.2194	1.72829
CTE_Bathyctena_chuni1|v8-095673	957	756.275	0	0
CTE_Bathyctena_chuni1|v8-095674	314	126.729	1	0.284021
CTE_Bathyctena_chuni1|v8-095675	314	126.729	0	0
CTE_Bathyctena_chuni1|v8-095676	972	771.275	88.3714	4.12411
CTE_Bathyctena_chuni1|v8-143304	2094	1893.28	32.4431	0.616789
CTE_Bathyctena_chuni1|v8-143305	2010	1809.28	297.128	5.91108
CTE_Bathyctena_chuni1|v8-143307	2042	1841.28	132.018	2.58074
CTE_Bathyctena_chuni1|v8-143308	2075	1874.28	150.153	2.88357
CTE_Bathyctena_chuni1|v8-161853	309	122.539	6	1.7624
CTE_Bathyctena_chuni1|v8-161854	507	307.495	9	1.05349
CTE_Bathyctena_chuni2|v8-029986	309	127.169	5.78154	1.71393
CTE_Bathyctena_chuni2|v8-029987	528	336.967	12.2185	1.36697
CTE_Bathyctena_chuni2|v8-051251	1987	1795.29	49.5191	1.03985
CTE_Bathyctena_chuni2|v8-051252	2189	1997.29	2048.29	38.6618
CTE_Bathyctena_chuni2|v8-051254	504	313.117	17.9326	2.15908
CTE_Bathyctena_chuni2|v8-051255	504	313.117	12.809	1.5422
CTE_Bathyctena_chuni2|v8-115291	517	326.087	51.4386	5.94685
CTE_Bathyctena_chuni2|v8-115292	405	216.105	26.5628	4.63385
CTE_Bathyctena_chuni2|v8-115293	405	216.105	8.23669	1.43688
CTE_Bathyctena_chuni2|v8-115294	2173	1981.29	32.2641	0.613909
CTE_Bathyctena_chuni2|v8-115295	1701	1509.29	85.8573	2.14455
CTE_Bathyctena_chuni2|v8-115296	2179	1987.29	685.911	13.0118
CTE_Bathyctena_chuni2|v8-115297	1169	977.29	16.643	0.642008
CTE_Bathyctena_chuni2|v8-115299	1252	1060.29	25.5492	0.908414
CTE_Bathyctena_chuni2|v8-115301	512	321.117	19.1147	2.24407
CTE_Bathyctena_chuni2|v8-115302	402	213.203	3.20924	0.567469
CTE_Bathyctena_chuni2|v8-121557	317	134.146	7	1.96722
CTE_Bathyctena_chuni2|v8-132624	2075	1883.29	34.1731	0.684067
CTE_Bathyctena_chuni2|v8-132626	2042	1850.29	286.236	5.83199
CTE_Bathyctena_chuni2|v8-132627	2094	1902.29	106.65	2.11357
CTE_Bathyctena_chuni2|v8-132628	2010	1818.29	187.146	3.88017
CTE_Benthic_cteno1|v8-08524	447	237.583	4.72507	0.713767
CTE_Benthic_cteno1|v8-08525	416	208.031	7.27493	1.25506
CTE_Benthic_cteno1|v8-08526	424	215.661	9.12341	1.51828
CTE_Benthic_cteno1|v8-08527	1970	1758.04	443.26	9.04888
CTE_Benthic_cteno1|v8-08528	988	776.038	18.0897	0.83659
CTE_Benthic_cteno1|v8-08529	1976	1764.04	90.3592	1.83835
CTE_Benthic_cteno1|v8-08530	1401	1189.04	20.3363	0.61382
CTE_Benthic_cteno1|v8-08531	619	407.183	17.1684	1.51322
CTE_Benthic_cteno1|v8-08532	695	483.106	7.96915	0.592016
CTE_Benthic_cteno1|v8-08533	408	200.59	6.69371	1.19763
CTE_Benthic_cteno1|v8-80563	1981	1769.04	313	6.34997
CTE_Beroe_abyssicola1|v8-058521	1993	1769.15	990.562	18.3599
CTE_Beroe_abyssicola1|v8-058522	1817	1593.15	350.832	7.22099
CTE_Beroe_abyssicola1|v8-058523	2010	1786.15	33.6057	0.616949
CTE_Beroe_cucumis1|v8-110132	780	540.93	16	0.529826
CTE_Beroe_cucumis1|v8-191608	2150	1910.13	140.635	1.31881
CTE_Beroe_cucumis1|v8-191609	2150	1910.13	302.365	2.83545
CTE_Beroe_forskalii1|v8-16196	308	90.1689	3	1.27561
CTE_Beroe_forskalii1|v8-16197	640	395.82	16	1.5498
CTE_Beroe_forskalii1|v8-29529	2138	1893.49	261	5.28484
CTE_Beroe_forskalii2|v8-156774	3383	3158.52	0	0
CTE_Beroe_forskalii2|v8-156775	2631	2406.52	40.9993	2.72479
CTE_Beroe_forskalii2|v8-156776	2652	2427.52	0.00065026	4.28419e-05
CTE_Beroe_forskalii2|v8-187886	2283	2058.52	0	0
CTE_Beroe_forskalii2|v8-187887	2256	2031.52	0	0
CTE_Beroe_forskalii2|v8-187888	2283	2058.52	0	0
CTE_Beroe_forskalii2|v8-187890	3924	3699.52	6.30192	0.272441
CTE_Beroe_forskalii2|v8-187891	3500	3275.52	299.67	14.6321
CTE_Beroe_forskalii2|v8-187892	3490	3265.52	218.514	10.7021
CTE_Beroe_forskalii2|v8-187893	3934	3709.52	64.3445	2.77421
CTE_Beroe_forskalii2|v8-272670	3432	3207.52	133	6.63173
CTE_Beroe_forskalii3|v8-032491	1915	1749.58	64.0308	1.42181
CTE_Beroe_forskalii3|v8-032492	1564	1398.58	62.4414	1.7345
CTE_Beroe_forskalii3|v8-032497	1975	1809.58	44.7333	0.960373
CTE_Beroe_forskalii3|v8-086693	304	139.519	6.52485	1.81687
CTE_Beroe_forskalii3|v8-155127	320	155.304	4.24346	1.06151
CTE_Beroe_ovata1|v8-142185	1352	1124.26	26	0.346955
CTE_Beroe_ovata1|v8-142186	620	395.342	10	0.379484
CTE_Beroe_ovata1|v8-162168	2212	1984.26	446.727	3.37761
CTE_Beroe_ovata1|v8-162169	2215	1987.26	261.256	1.97232
CTE_Beroe_ovata1|v8-162170	2010	1782.26	29.5179	0.248474
CTE_Beroe_ovata1|v8-162172	1293	1065.26	29.7674	0.41923
CTE_Beroe_ovata1|v8-162173	965	737.258	17.8425	0.363079
CTE_Beroe_ovata2|v8-55545	303	163.2	12	2.73193
CTE_Bolinopsis_infundibulum1|v8-11844	2303	2079.92	365.877	7.72387
CTE_Bolinopsis_infundibulum1|v8-11845	441	223.217	20.1027	3.95432
CTE_Bolinopsis_infundibulum1|v8-11846	447	228.712	6.83552	1.31229
CTE_Bolinopsis_infundibulum1|v8-11847	2460	2236.92	307.502	6.03594
CTE_Bolinopsis_infundibulum1|v8-11848	1690	1466.92	72.6826	2.17556
CTE_Bolinopsis_infundibulum1|v8-21167	565	342.821	10	1.28079
CTE_Bolinopsis_infundibulum2|v8-26603	314	186.548	86.7459	8.94303
CTE_Bolinopsis_infundibulum2|v8-26611	1158	1027.72	1825.65	34.1639
CTE_Bolinopsis_infundibulum2|v8-26612	505	374.846	22.4327	1.15095
CTE_Bolinopsis_infundibulum2|v8-26613	1395	1264.72	508.684	7.73532
CTE_Bolinopsis_infundibulum2|v8-26615	1726	1595.72	456.171	5.49788
CTE_Bolinopsis_infundibulum2|v8-26616	1782	1651.72	2015.19	23.4641
CTE_Bolinopsis_infundibulum2|v8-33716	419	289.178	250.753	16.6765
CTE_Bolinopsis_infundibulum2|v8-33717	467	336.914	142.724	8.1471
CTE_Bolinopsis_infundibulum2|v8-33718	447	316.946	79.6575	4.83356
CTE_Bolinopsis_infundibulum2|v8-33719	334	205.654	4.75276	0.444461
CTE_Bolinopsis_infundibulum2|v8-33720	414	284.262	0	0
CTE_Bolinopsis_infundibulum2|v8-34832	471	340.914	295.189	16.6525
CTE_Bolinopsis_infundibulum2|v8-37978	383	253.6	66.9527	5.07744
CTE_Bolinopsis_infundibulum2|v8-37980	504	373.846	166.149	8.54731
CTE_Bolinopsis_infundibulum2|v8-44440	758	627.722	150.392	4.60767
CTE_Bolinopsis_infundibulum2|v8-44441	918	787.722	283.091	6.91158
CTE_Bolinopsis_infundibulum2|v8-44442	451	320.946	201.717	12.0875
CTE_Bolinopsis_infundibulum2|v8-44443	928	797.722	1199.45	28.9171
CTE_Bolinopsis_infundibulum2|v8-44444	403	273.342	189.758	13.3511
CTE_Bolinopsis_infundibulum2|v8-44445	393	263.55	273.16	19.9333
CTE_Bolinopsis_infundibulum2|v8-44446	1081	950.722	70.7407	1.43101
CTE_Bolinopsis_infundibulum2|v8-44449	306	178.905	164.802	17.716
CTE_Bolinopsis_infundibulum2|v8-44450	448	317.946	133.787	8.09254
CTE_Bolinopsis_infundibulum2|v8-44451	490	359.846	65.1997	3.48462
CTE_Bolinopsis_infundibulum2|v8-44452	645	514.722	127.054	4.74725
CTE_Bolinopsis_infundibulum2|v8-44453	428	298.065	19.798	1.27743
CTE_Bolinopsis_infundibulum2|v8-44454	929	798.722	1754.53	42.2464
CTE_Bolinopsis_infundibulum2|v8-44455	370	240.814	26.192	2.09176
CTE_Bolinopsis_infundibulum2|v8-44456	653	522.722	73.4506	2.7024
CTE_Bolinopsis_infundibulum2|v8-60011	574	443.769	356.107	15.4329
CTE_Bolinopsis_infundibulum2|v8-66694	302	174.991	200.475	22.0328
CTE_Bolinopsis_infundibulum3|v8-003031	365	143.888	2.20705	0.493853
CTE_Bolinopsis_infundibulum3|v8-016227	437	210.365	4.79295	0.733568
CTE_Bolinopsis_infundibulum3|v8-085554	398	173.323	4	0.743043
CTE_Bolinopsis_infundibulum3|v8-131084	2067	1838.94	1024.73	17.9412
CTE_Bolinopsis_infundibulum3|v8-131085	1073	844.939	87.3609	3.32891
CTE_Bolinopsis_infundibulum3|v8-131086	310	102.758	49.8549	15.6209
CTE_Bolinopsis_infundibulum3|v8-131087	713	484.939	7.68757	0.510402
CTE_Bolinopsis_infundibulum3|v8-131088	2067	1838.94	68.7429	1.20357
CTE_Bolinopsis_infundibulum3|v8-131089	406	180.862	10.9258	1.94498
CTE_Bolinopsis_infundibulum3|v8-131090	574	345.974	15.4226	1.43524
CTE_Bolinopsis_infundibulum3|v8-131091	1209	980.939	373.62	12.2631
CTE_Bolinopsis_infundibulum3|v8-131092	1154	925.939	585.347	20.3536
CTE_Bolinopsis_vitrea1|v8-039865	1326	1057.03	28.9418	0.599707
CTE_Bolinopsis_vitrea1|v8-039866	1135	866.027	8.74288	0.221118
CTE_Bolinopsis_vitrea1|v8-039867	3076	2807.03	387.421	3.02299
CTE_Bolinopsis_vitrea1|v8-039867	3076	2807.03	387.421	3.02299
CTE_Bolinopsis_vitrea1|v8-039868	1234	965.027	82.7342	1.87779
CTE_Bolinopsis_vitrea1|v8-039869	3233	2964.03	229.14	1.69324
CTE_Bolinopsis_vitrea1|v8-039869	3233	2964.03	229.14	1.69324
CTE_Bolinopsis_vitrea1|v8-039870	3043	2774.03	1006.04	7.94339
CTE_Bolinopsis_vitrea1|v8-039870	3043	2774.03	1006.04	7.94339
CTE_Bolinopsis_vitrea1|v8-039871	1113	844.027	20.5425	0.533087
CTE_Bolinopsis_vitrea1|v8-039872	2994	2725.03	140.31	1.12776
CTE_Bolinopsis_vitrea1|v8-039872	2994	2725.03	140.31	1.12776
CTE_Bolinopsis_vitrea1|v8-039874	1113	844.027	22.8274	0.592381
CTE_Bolinopsis_vitrea1|v8-045636	2935	2666.03	441.348	3.62591
CTE_Bolinopsis_vitrea1|v8-046448	348	131.538	0.923706	0.153809
CTE_Bolinopsis_vitrea1|v8-050144	2036	1767.03	206.049	2.55404
CTE_Bolinopsis_vitrea1|v8-050145	2329	2060.03	547.476	5.82093
CTE_Bolinopsis_vitrea1|v8-052969	364	142.493	4	0.614848
CTE_Bolinopsis_vitrea1|v8-052970	1128	859.027	143	3.64611
CTE_Bolinopsis_vitrea1|v8-052971	1204	935.027	36	0.843294
CTE_Bolinopsis_vitrea1|v8-065013	4072	3803.03	4245.8	24.4529
CTE_Bolinopsis_vitrea1|v8-065581	462	218.253	39	3.91387
CTE_Bolinopsis_vitrea1|v8-079578	313	108.439	3	0.605947
CTE_Bolinopsis_vitrea1|v8-099685	409	175.885	5.77458	0.719105
CTE_Bolinopsis_vitrea1|v8-099686	758	489.998	4.18361	0.187007
CTE_Bolinopsis_vitrea1|v8-099687	2621	2352.03	251.735	2.34424
CTE_Bolinopsis_vitrea1|v8-099687	2621	2352.03	251.735	2.34424
CTE_Bolinopsis_vitrea1|v8-099688	2683	2414.03	23.0654	0.209276
CTE_Bolinopsis_vitrea1|v8-099688	2683	2414.03	23.0654	0.209276
CTE_Bolinopsis_vitrea1|v8-099690	658	393.011	8.57998	0.47817
CTE_Bolinopsis_vitrea1|v8-100096	1293	1024.03	67.455	1.44279
CTE_Bolinopsis_vitrea1|v8-100097	2033	1764.03	102.404	1.27148
CTE_Bolinopsis_vitrea1|v8-100098	2540	2271.03	1002.86	9.67203
CTE_Bolinopsis_vitrea1|v8-100099	2554	2285.03	1382.28	13.2497
CTE_Bolinopsis_vitrea1|v8-101597	2588	2319.03	229	2.16287
CTE_Bolinopsis_vitrea1|v8-101605	999	730.027	34	1.02009
CTE_Bolinopsis_vitrea1|v8-101606	1004	735.027	22	0.655571
CTE_Bolinopsis_vitrea1|v8-101607	622	358.9	7.49658	0.457499
CTE_Bolinopsis_vitrea1|v8-101608	586	325.153	10.0763	0.678757
CTE_Bolinopsis_vitrea1|v8-101609	1190	921.027	19.5034	0.463809
CTE_Bolinopsis_vitrea1|v8-107723	534	278.354	62.8986	4.9493
CTE_Bolinopsis_vitrea1|v8-107725	534	278.354	7.10145	0.558792
CTE_Cestum_veneris1|v8-004034	2517	2257.5	140.113	1.75772
CTE_Cestum_veneris1|v8-004035	2559	2299.5	169.168	2.08345
CTE_Cestum_veneris1|v8-004036	1424	1164.5	31.3615	0.762705
CTE_Cestum_veneris1|v8-004037	2048	1788.5	21.9911	0.348222
CTE_Cestum_veneris1|v8-004038	1427	1167.5	335.168	8.13025
CTE_Cestum_veneris1|v8-004039	2622	2362.5	477.557	5.7247
CTE_Cestum_veneris1|v8-004040	1617	1357.5	273.24	5.70039
CTE_Cestum_veneris1|v8-004041	2349	2089.5	1029.32	13.951
CTE_Cestum_veneris1|v8-004042	2006	1746.5	856.019	13.8808
CTE_Cestum_veneris1|v8-023180	2385	2125.5	147.188	1.96115
CTE_Cestum_veneris1|v8-023181	2419	2159.5	162.812	2.13517
CTE_Cestum_veneris1|v8-037791	1977	1717.5	5777	95.2588
CTE_Cestum_veneris1|v8-061668	384	157.26	8	1.44069
CTE_Charistephane_fugiens1|v8-075504	1926	1729.43	17564	281.59
CTE_Charistephane_fugiens1|v8-104734	1933	1736.43	589.746	9.41684
CTE_Charistephane_fugiens1|v8-104735	1928	1731.43	1948.25	31.1988
CTE_Ctenoceros_clear1|v8-010095	615	430.975	15.8725	1.10449
CTE_Ctenoceros_clear1|v8-022577	497	314.05	21.038	2.00897
CTE_Ctenoceros_clear1|v8-050991	1156	971.807	145	4.47462
CTE_Ctenoceros_clear1|v8-054302	695	510.854	0	0
CTE_Ctenoceros_clear1|v8-064893	408	229.665	14.1275	1.84476
CTE_Ctenoceros_clear1|v8-076167	1807	1622.81	0	0
CTE_Ctenoceros_clear1|v8-076168	1386	1201.81	34.0184	0.848882
CTE_Ctenoceros_clear1|v8-076169	1056	871.807	0	0
CTE_Ctenoceros_clear1|v8-076170	982	797.807	36.0584	1.35543
CTE_Ctenoceros_clear1|v8-076171	2066	1881.81	52.2953	0.833404
CTE_Ctenoceros_clear1|v8-076172	982	797.807	13.4704	0.506349
CTE_Ctenoceros_clear1|v8-076173	1383	1198.81	36.6329	0.916409
CTE_Ctenoceros_clear1|v8-076174	2261	2076.81	0	0
CTE_Ctenoceros_clear1|v8-076175	1962	1777.81	1.19199	0.0201075
CTE_Ctenoceros_clear1|v8-076176	2264	2079.81	0	0
CTE_Ctenoceros_clear1|v8-076177	2250	2065.81	78.2433	1.13586
CTE_Ctenoceros_clear1|v8-076178	1962	1777.81	2.81855	0.0475455
CTE_Ctenoceros_clear1|v8-076179	1216	1031.81	119.557	3.47491
CTE_Ctenoceros_clear1|v8-076180	827	642.807	62.676	2.92407
CTE_Ctenoceros_clear1|v8-097933	769	584.807	71	3.64094
CTE_Ctenoceros_clear1|v8-111379	461	279.144	0	0
CTE_Ctenoceros_clear2|v8-012671	1011	798.873	30	1.03706
CTE_Ctenoceros_clear2|v8-050881	609	397.327	96.0639	6.67688
CTE_Ctenoceros_clear2|v8-050882	2062	1849.87	517.224	7.72144
CTE_Ctenoceros_clear2|v8-050887	2032	1819.87	281.101	4.26563
CTE_Ctenoceros_clear2|v8-064001	564	352.61	20	1.56638
CTE_Ctenoceros_clear2|v8-067172	2235	2022.87	125.224	1.70954
CTE_Cydippid_spblack1|v8-56581	2606	2334.55	152	3.29871
CTE_Cydippid_spblack1|v8-79055	588	325.052	39.4188	6.14405
CTE_Cydippid_spblack1|v8-79056	2641	2369.55	684.532	14.6363
CTE_Cydippid_spblack1|v8-79058	1378	1106.55	98.0421	4.48895
CTE_Cydippid_spblack1|v8-79059	543	284.144	37.6636	6.71565
CTE_Cydippid_spblack1|v8-81225	376	144.074	8	2.81325
CTE_Cydippid_spgold1|v8-012117	2311	2076.17	1513.51	6.16355
CTE_Cydippid_spgold1|v8-028752	548	320.768	43	1.13341
CTE_Cydippid_spgold1|v8-148724	1202	967.171	43	0.375902
CTE_Cydippid_sppeach1|v8-59614	329	100.118	8	2.3573
CTE_Cydippid_sppeach1|v8-85584	515	241.819	8	0.975974
CTE_Cydippid_spredx1|v8-023550	2130	1869.31	2296.48	44.8108
CTE_Cydippid_spredx1|v8-023551	2228	1967.31	2660.25	49.3231
CTE_Cydippid_spredx1|v8-113374	2308	2047.31	143	2.54773
CTE_Deiopea_kaloktenota1|v8-24818	363	138.019	9	2.71613
CTE_Deiopea_kaloktenota1|v8-42026	2062	1799.57	141.802	3.28217
CTE_Deiopea_kaloktenota1|v8-42026	2062	1799.57	141.802	3.28217
CTE_Deiopea_kaloktenota1|v8-42027	3549	3286.57	224.545	2.84582
CTE_Deiopea_kaloktenota1|v8-42027	3549	3286.57	224.545	2.84582
CTE_Deiopea_kaloktenota1|v8-42029	2468	2205.57	372.985	7.04398
CTE_Deiopea_kaloktenota1|v8-42030	2244	1981.57	325.802	6.84845
CTE_Deiopea_kaloktenota1|v8-42032	3262	2999.57	38.2292	0.530865
CTE_Deiopea_kaloktenota1|v8-42032	3262	2999.57	38.2292	0.530865
CTE_Deiopea_kaloktenota1|v8-42033	2066	1803.57	43.5642	1.00611
CTE_Deiopea_kaloktenota1|v8-42034	1153	890.567	171.259	8.01005
CTE_Deiopea_kaloktenota1|v8-64684	938	675.841	13.2091	0.814099
CTE_Deiopea_kaloktenota1|v8-64685	1956	1693.57	79616.2	1958.15
CTE_Deiopea_kaloktenota1|v8-64686	1587	1324.57	950.805	29.8996
CTE_Deiopea_kaloktenota1|v8-64687	1987	1724.57	996.738	24.074
CTE_Deiopea_kaloktenota1|v8-69483	871	609.034	19	1.29945
CTE_Deiopea_kaloktenota1|v8-69851	2044	1781.57	16.9094	0.395342
CTE_Deiopea_kaloktenota1|v8-69852	2200	1937.57	103.068	2.21571
CTE_Deiopea_kaloktenota1|v8-69853	1862	1599.57	50.5261	1.31571
CTE_Deiopea_kaloktenota1|v8-69854	2132	1869.57	59.5133	1.32593
CTE_Dryodora_glandiformis1|v8-40311	668	447.236	26	0.944183
CTE_Dryodora_glandiformis1|v8-40312	2034	1813	331	2.96518
CTE_Dryodora_glandiformis1|v8-47070	361	155.478	8	0.835679
CTE_Dryodora_glandiformis1|v8-49282	1201	979.997	33.6471	0.557625
CTE_Dryodora_glandiformis1|v8-49283	1201	979.997	18.3529	0.304159
CTE_Dryodora_glandiformis1|v8-53922	441	226.771	25	1.79049
CTE_Dryodora_glandiformis2|v8-54618	367	167.14	21.3054	5.27591
CTE_Dryodora_glandiformis2|v8-55883	358	159.149	8	2.08052
CTE_Dryodora_glandiformis2|v8-65255	409	206.726	7	1.40149
CTE_Euplokamis_dunlapae1|v8-13386	1570	1306.77	75.7159	2.23892
CTE_Euplokamis_dunlapae1|v8-13387	1557	1293.77	75.2126	2.24638
CTE_Euplokamis_dunlapae1|v8-13388	1479	1215.77	33.0715	1.05112
CTE_Euplokamis_dunlapae1|v8-13389	832	568.77	24.8947	1.6913
CTE_Euplokamis_dunlapae1|v8-13390	832	568.77	18.1053	1.23004
CTE_Euplokamis_dunlapae2|v8-048273	423	227.155	15	2.00068
CTE_Euplokamis_dunlapae2|v8-139252	467	270.702	13	1.45499
CTE_Eurhamphaea_vexilligera1|v8-011011	1905	1625.87	1081.5	14.9823
CTE_Eurhamphaea_vexilligera1|v8-011012	1908	1628.87	1021.56	14.1259
CTE_Eurhamphaea_vexilligera1|v8-011013	1908	1628.87	992.13	13.7189
CTE_Eurhamphaea_vexilligera1|v8-011014	1918	1638.87	1085.6	14.9199
CTE_Eurhamphaea_vexilligera1|v8-011015	1904	1624.87	2217.73	30.7418
CTE_Eurhamphaea_vexilligera1|v8-011016	1904	1624.87	15047.3	208.582
CTE_Eurhamphaea_vexilligera1|v8-011017	1921	1641.87	695.182	9.5367
CTE_Eurhamphaea_vexilligera1|v8-041062	305	105.168	3	0.642503
CTE_Eurhamphaea_vexilligera1|v8-072590	427	188.779	6	0.715871
CTE_Eurhamphaea_vexilligera1|v8-073636	2088	1808.87	663.392	8.2604
CTE_Eurhamphaea_vexilligera1|v8-073637	1786	1506.87	46.5842	0.696308
CTE_Eurhamphaea_vexilligera1|v8-073638	2210	1930.87	1179.47	13.7585
CTE_Eurhamphaea_vexilligera1|v8-073639	1786	1506.87	188.64	2.81965
CTE_Eurhamphaea_vexilligera1|v8-073640	1609	1329.87	76.3108	1.29245
CTE_Eurhamphaea_vexilligera1|v8-073641	2385	2105.87	185.605	1.98516
CTE_Eurhamphaea_vexilligera1|v8-075767	326	118.775	4	0.758533
CTE_Eurhamphaea_vexilligera1|v8-079382	1490	1210.87	22	0.409226
CTE_Eurhamphaea_vexilligera2|v8-00834	2195	2025.46	522.26	7.91693
CTE_Eurhamphaea_vexilligera2|v8-00836	953	783.462	114.973	4.50581
CTE_Eurhamphaea_vexilligera2|v8-00842	701	531.462	99.588	5.75346
CTE_Eurhamphaea_vexilligera2|v8-00843	972	802.462	224.197	8.57828
CTE_Eurhamphaea_vexilligera2|v8-00844	1006	836.462	149.357	5.48244
CTE_Eurhamphaea_vexilligera2|v8-10016	434	264.984	58.6128	6.79151
CTE_Eurhamphaea_vexilligera2|v8-14015	322	156.674	42	8.23087
CTE_Eurhamphaea_vexilligera2|v8-28796	581	411.503	0	0
CTE_Eurhamphaea_vexilligera2|v8-28797	1230	1060.46	123.236	3.5681
CTE_Eurhamphaea_vexilligera2|v8-28798	1320	1150.46	377.549	10.0762
CTE_Eurhamphaea_vexilligera2|v8-48834	442	272.861	0	0
CTE_Eurhamphaea_vexilligera2|v8-48835	442	272.861	168.574	18.969
CTE_Eurhamphaea_vexilligera2|v8-48836	719	549.462	39.1751	2.18911
CTE_Eurhamphaea_vexilligera2|v8-48837	1487	1317.46	19.2801	0.449331
CTE_Eurhamphaea_vexilligera2|v8-48838	1991	1821.46	3136.92	52.8783
CTE_Eurhamphaea_vexilligera2|v8-48839	774	604.462	362.917	18.4346
CTE_Eurhamphaea_vexilligera2|v8-48840	926	756.462	28.943	1.17477
CTE_Eurhamphaea_vexilligera2|v8-48841	482	312.565	25.8588	2.54017
CTE_Eurhamphaea_vexilligera2|v8-48842	812	642.462	450.733	21.541
CTE_Eurhamphaea_vexilligera2|v8-49921	1026	856.462	113.844	4.08128
CTE_Eurhamphaea_vexilligera2|v8-49922	495	325.565	177.869	16.7748
CTE_Eurhamphaea_vexilligera2|v8-49925	621	451.462	17.8776	1.21586
CTE_Eurhamphaea_vexilligera2|v8-49926	1975	1805.46	0	0
CTE_Eurhamphaea_vexilligera2|v8-49928	460	290.758	3.738	0.394731
CTE_Eurhamphaea_vexilligera2|v8-49929	1572	1402.46	784.09	17.166
CTE_Eurhamphaea_vexilligera2|v8-49930	651	481.462	184.131	11.7425
CTE_Eurhamphaea_vexilligera2|v8-49931	1818	1648.46	120.803	2.25006
CTE_Eurhamphaea_vexilligera2|v8-49932	1380	1210.46	315.158	7.99414
CTE_Eurhamphaea_vexilligera2|v8-49934	1999	1829.46	19.4246	0.326004
CTE_Eurhamphaea_vexilligera2|v8-49935	1986	1816.46	1321.52	22.3378
CTE_Eurhamphaea_vexilligera2|v8-49936	337	170.644	259.268	46.65
CTE_Eurhamphaea_vexilligera2|v8-49937	747	577.462	283.756	15.0875
CTE_Haeckelia_beehleri1|v8-37095	1223	959.068	47	1.82303
CTE_Haeckelia_beehleri1|v8-37096	460	214.83	9	1.55845
CTE_Haeckelia_beehleri1|v8-37097	387	155.312	13	3.11375
CTE_Haeckelia_beehleri1|v8-37099	322	108.396	7	2.4023
CTE_Haeckelia_rubra1|v8-004554	369	161.659	4	0.68714
CTE_Haeckelia_rubra1|v8-007776	972	753.582	27	0.994986
CTE_Haeckelia_rubra1|v8-036248	374	166.057	12	2.00682
CTE_Haeckelia_rubra1|v8-036338	509	292.345	14	1.32989
CTE_Haeckelia_rubra1|v8-073862	800	581.582	29	1.38475
CTE_Haeckelia_rubra1|v8-096031	445	230.928	10	1.20256
CTE_Hormiphora_californensis1|v8-043414	328	170.686	7	1.19455
CTE_Hormiphora_californensis1|v8-106481	376	216.718	11	1.47844
CTE_Hormiphora_californensis2|v8-039595	4080	3789.15	4742.66	14.203
CTE_Hormiphora_californensis2|v8-039596	4080	3789.15	687.053	2.05754
CTE_Hormiphora_californensis2|v8-097291	2510	2219.15	68.9939	0.352796
CTE_Hormiphora_palmata1|v8-133502	462	331.454	19	1.45188
CTE_Hormiphora_palmata1|v8-177094	415	284.51	9	0.80121
CTE_Kiyohimea_usagi1|v8-19610	436	196.414	8	1.18998
CTE_Kiyohimea_usagi1|v8-26882	630	375.405	12	0.933907
CTE_Kiyohimea_usagi1|v8-36181	3256	2997.96	190.978	1.86114
CTE_Kiyohimea_usagi1|v8-36182	3250	2991.96	0	0
CTE_Kiyohimea_usagi1|v8-36183	3238	2979.96	827.086	8.10891
CTE_Kiyohimea_usagi1|v8-36185	3268	3009.96	0	0
CTE_Kiyohimea_usagi1|v8-44312	2048	1789.96	412.457	6.73221
CTE_Kiyohimea_usagi1|v8-54258	364	138.8	7	1.47343
CTE_Lampea_deep1|v8-20197	679	501.414	0	0
CTE_Lampea_deep1|v8-24768	2078	1900.41	0	0
CTE_Lampea_deep1|v8-24769	2146	1968.41	0	0
CTE_Lampea_deep1|v8-58311	346	168.768	0	0
CTE_Lampea_deep1|v8-58313	2906	2728.41	0	0
CTE_Lampea_deep1|v8-58314	2926	2748.41	0	0
CTE_Lampea_deep1|v8-58315	2350	2172.41	0	0
CTE_Lampea_deep1|v8-58316	2283	2105.41	0	0
CTE_Lampea_deep1|v8-58317	2550	2372.41	0	0
CTE_Lampea_deep1|v8-58318	1721	1543.41	0	0
CTE_Lampea_deep1|v8-58319	1049	871.414	0	0
CTE_Lampea_deep1|v8-65669	2097	1919.41	0	0
CTE_Lampea_lactea1|v8-01849	921	710.047	44.2452	1.72988
CTE_Lampea_lactea1|v8-20018	385	185.607	7.14566	1.06877
CTE_Lampea_lactea1|v8-26726	835	624.047	56.6091	2.51828
CTE_Lampea_lactea2|v8-17909	1629	1373.06	134.769	1.8403
CTE_Lampea_lactea2|v8-58842	432	199.985	11	1.0313
CTE_Lampea_pancerina2|v8-110196	1987	1824.96	214.137	3.51461
CTE_Lampea_pancerina2|v8-110544	2096	1933.96	184.863	2.86314
CTE_Lampea_sp1|v8-040683	376	231.612	10	0.921364
CTE_Lampea_sp1|v8-103621	537	389.575	11	0.602551
CTE_Lampocteis_cruentiventer1|v8-20197	679	439.197	21	1.76994
CTE_Lampocteis_cruentiventer1|v8-24768	2078	1838.15	179.945	3.62374
CTE_Lampocteis_cruentiventer1|v8-24769	2146	1906.15	112.055	2.17608
CTE_Lampocteis_cruentiventer1|v8-58311	346	128.548	8	2.30369
CTE_Lampocteis_cruentiventer1|v8-58313	2906	2666.15	190.544	2.64551
CTE_Lampocteis_cruentiventer1|v8-58314	2926	2686.15	409.458	5.64258
CTE_Lampocteis_cruentiventer1|v8-58315	2350	2110.15	87.1404	1.52864
CTE_Lampocteis_cruentiventer1|v8-58316	2283	2043.15	236.822	4.29063
CTE_Lampocteis_cruentiventer1|v8-58317	2550	2310.15	799.092	12.8043
CTE_Lampocteis_cruentiventer1|v8-58318	1721	1481.15	371	9.272
CTE_Lampocteis_cruentiventer1|v8-58319	1049	809.151	54.907	2.51187
CTE_Lampocteis_cruentiventer1|v8-65669	2097	1857.15	384	7.65391
CTE_Leucothea_pulchra1|v8-001604	563	318.054	26	2.89006
CTE_Leucothea_pulchra1|v8-001605	1408	1154.79	42	1.28582
CTE_Leucothea_pulchra1|v8-014715	1185	931.787	130.804	4.96293
CTE_Leucothea_pulchra1|v8-014717	1324	1070.79	26.724	0.882333
CTE_Leucothea_pulchra1|v8-014718	2356	2102.79	144.818	2.43478
CTE_Leucothea_pulchra1|v8-014719	2212	1958.79	417.893	7.54243
CTE_Leucothea_pulchra1|v8-014720	745	493.406	15.4479	1.10688
CTE_Leucothea_pulchra1|v8-014721	1793	1539.79	429.723	9.86647
CTE_Leucothea_pulchra1|v8-014722	752	500.307	53.6367	3.79017
CTE_Leucothea_pulchra1|v8-014724	546	301.937	4.84151	0.56689
CTE_Leucothea_pulchra1|v8-014725	1899	1645.79	85.1856	1.8299
CTE_Leucothea_pulchra1|v8-014727	1676	1422.79	9.17778	0.228051
CTE_Leucothea_pulchra1|v8-014728	871	618.046	30.8542	1.76493
CTE_Leucothea_pulchra1|v8-014729	1917	1663.79	38.4189	0.816359
CTE_Leucothea_pulchra1|v8-014731	1522	1268.79	23.0362	0.641883
CTE_Leucothea_pulchra1|v8-014732	1643	1389.79	101.964	2.59377
CTE_Leucothea_pulchra1|v8-016925	1900	1646.79	327	7.02012
CTE_Leucothea_pulchra1|v8-016929	7382	7128.79	1053.45	5.22437
CTE_Leucothea_pulchra1|v8-016930	7184	6930.79	230.085	1.17365
CTE_Leucothea_pulchra1|v8-028668	4607	4353.79	375.256	3.04716
CTE_Leucothea_pulchra1|v8-028669	4791	4537.79	311.744	2.42878
CTE_Leucothea_pulchra1|v8-038158	2289	2035.79	106	1.8408
CTE_Leucothea_pulchra1|v8-045022	631	382.299	54	4.99373
CTE_Leucothea_pulchra1|v8-045023	1422	1168.79	45.3765	1.37255
CTE_Leucothea_pulchra1|v8-045024	1419	1165.79	43.6587	1.32399
CTE_Leucothea_pulchra1|v8-045025	703	452.303	29.3827	2.29666
CTE_Leucothea_pulchra1|v8-045026	1164	910.787	59.9835	2.32835
CTE_Leucothea_pulchra1|v8-045027	1262	1008.79	49.314	1.72824
CTE_Leucothea_pulchra1|v8-045028	1457	1203.79	0	0
CTE_Leucothea_pulchra1|v8-045029	926	672.787	24.8709	1.30692
CTE_Leucothea_pulchra1|v8-045030	963	709.787	68.4138	3.40761
CTE_Leucothea_pulchra1|v8-100174	2171	1917.79	65.7774	1.21258
CTE_Leucothea_pulchra1|v8-100175	2176	1922.79	184.223	3.38724
CTE_Llyria_spbenthic1|v8-14167	1328	1054.03	50	1.7191
CTE_Llyria_spbenthic1|v8-14170	334	117.437	3	0.925762
CTE_Llyria_spbenthic1|v8-46378	1845	1571.03	168.433	3.88532
CTE_Llyria_spbenthic1|v8-46379	1084	810.029	29.5387	1.32152
CTE_Llyria_spbenthic1|v8-46380	1845	1571.03	64.7044	1.49256
CTE_Llyria_spbenthic1|v8-46381	885	611.576	25.7339	1.52489
CTE_Llyria_spbenthic1|v8-46382	413	175.703	17.6306	3.63639
CTE_Llyria_spbenthic1|v8-54907	825	552.286	20	1.31235
CTE_Llyria_spbenthic1|v8-54912	923	649.388	46	2.56706
CTE_Llyria_spbenthic1|v8-92309	425	185.386	12	2.34578
CTE_Llyria_spcopper1|v8-051882	1639	1361.37	64.7087	1.6503
CTE_Llyria_spcopper1|v8-051883	1392	1114.37	15.572	0.485169
CTE_Llyria_spcopper1|v8-051884	2064	1786.37	400.844	7.79079
CTE_Llyria_spcopper1|v8-051885	649	377.053	4.58907	0.422572
CTE_Llyria_spcopper1|v8-051886	702	427.625	42.4484	3.44649
CTE_Llyria_spcopper1|v8-051887	2044	1766.37	74.302	1.46048
CTE_Llyria_spcopper1|v8-051888	545	280.879	13.4451	1.66197
CTE_Llyria_spcopper1|v8-051889	637	365.805	41.4451	3.9337
CTE_Llyria_spcopper1|v8-051890	793	516.802	49.7645	3.34329
CTE_Llyria_spcopper1|v8-051891	1329	1051.37	23.714	0.783114
CTE_Llyria_spcopper1|v8-051892	1966	1688.37	202.468	4.16358
CTE_Llyria_spcopper1|v8-051893	1138	860.375	78.1788	3.15486
CTE_Llyria_spcopper1|v8-051894	1959	1681.37	206.742	4.26916
CTE_Llyria_spcopper1|v8-051895	1899	1621.37	0	0
CTE_Llyria_spcopper1|v8-051896	2062	1784.37	305.355	5.94151
CTE_Llyria_spcopper1|v8-075197	328	107.443	5	1.61573
CTE_Llyria_spcopper1|v8-090657	1267	989.375	513.793	18.0304
CTE_Llyria_spcopper1|v8-090658	1663	1385.37	179.71	4.50384
CTE_Llyria_spcopper1|v8-090659	1431	1153.37	142.751	4.29722
CTE_Llyria_spcopper1|v8-090660	1673	1395.37	0	0
CTE_Llyria_spcopper1|v8-090661	1257	979.375	252.067	8.93604
CTE_Llyria_spcopper1|v8-090662	826	549.402	65.9625	4.16856
CTE_Llyria_spcopper1|v8-090663	346	119.852	7.34125	2.12669
CTE_Llyria_spcopper1|v8-090664	994	716.375	42.5612	2.06277
CTE_Llyria_spcopper1|v8-090665	1113	835.375	476.311	19.7965
CTE_Llyria_spcopper1|v8-090666	1095	817.375	318.261	13.5189
CTE_Llyria_spcopper1|v8-090667	844	567.262	76.5965	4.68818
CTE_Llyria_spcopper1|v8-090668	1111	833.375	293.41	12.224
CTE_Llyria_spcopper1|v8-090669	789	512.905	37.2371	2.52068
CTE_Llyria_spcopper1|v8-092569	325	105.413	5	1.64686
CTE_Llyria_spcopper1|v8-100555	1363	1085.37	28.313	0.905701
CTE_Llyria_spcopper1|v8-100556	1311	1033.37	24.687	0.829447
CTE_Llyria_spcopper1|v8-105789	412	168.461	8	1.6488
CTE_Llyria_spcopper1|v8-105823	361	130.28	5	1.33251
CTE_Llyria_spcopper1|v8-124642	412	168.461	25	5.1525
CTE_Llyria_spdeep1|v8-07598	1162	878.318	2283.36	83.3467
CTE_Llyria_spdeep1|v8-07599	923	639.592	536.421	26.8887
CTE_Llyria_spdeep1|v8-07600	1371	1087.32	11986.7	353.435
CTE_Llyria_spdeep1|v8-10042	2191	1907.32	307	5.16038
CTE_Llyria_spdeep1|v8-16805	605	331.388	9	0.870706
CTE_Llyria_spdeep1|v8-46854	1904	1620.32	179.136	3.54444
CTE_Llyria_spdeep1|v8-46855	1587	1303.32	41.0095	1.00879
CTE_Llyria_spdeep1|v8-46856	1949	1665.32	48.855	0.940542
CTE_Mertensia_ovum1|v8-109783	2798	2585.61	2688.72	2.56601
CTE_Mertensia_ovum1|v8-109784	2687	2474.61	3498.86	3.48896
CTE_Mertensiidae_sp1|v8-002461	1950	1727.64	72.4023	1.27448
CTE_Mertensiidae_sp1|v8-002462	852	629.639	190.007	9.17724
CTE_Mertensiidae_sp1|v8-002463	1513	1290.64	205.106	4.83292
CTE_Mertensiidae_sp1|v8-028452	342	130.776	19.4478	4.52247
CTE_Mertensiidae_sp1|v8-082468	378	160.861	26.265	4.96549
CTE_Mertensiidae_sp1|v8-085390	789	566.639	68.2163	3.66114
CTE_Mertensiidae_sp1|v8-085391	1890	1667.64	264.651	4.82622
CTE_Nepheloctena_red1|v8-25241	2146	1939.85	156.835	2.34499
CTE_Nepheloctena_red1|v8-70569	2856	2649.85	461.913	5.05598
CTE_Nepheloctena_red2|v8-28748	2464	2246.21	169.264	1.91753
CTE_Nepheloctena_red2|v8-49695	1882	1664.21	19.6232	0.300046
CTE_Nepheloctena_red2|v8-49696	2008	1790.21	259.259	3.68516
CTE_Nepheloctena_red2|v8-49697	1897	1679.21	28.2676	0.428362
CTE_Nepheloctena_red2|v8-49698	2023	1805.21	344.966	4.86268
CTE_Nepheloctena_white1|v8-13234	325	114.206	7	1.54409
CTE_Ocyropsis_crystallina1|v8-025934	2159	1930.19	150.59	1.58254
CTE_Ocyropsis_crystallina1|v8-025935	1194	965.186	52.4104	1.10145
CTE_Ocyropsis_crystallina1|v8-036040	512	290.72	5.01818	0.35013
CTE_Ocyropsis_crystallina1|v8-055569	1270	1041.19	34.9818	0.68151
CTE_Ocyropsis_crystallina1|v8-105923	1618	1389.19	52	0.759278
CTE_Ocyropsis_crystallina1|v8-106240	338	142.941	6	0.851435
CTE_Ocyropsis_crystallina2|v8-047943	1310	1168.32	0	0
CTE_Ocyropsis_crystallina2|v8-047949	1253	1111.32	59.6428	1.1364
CTE_Ocyropsis_crystallina2|v8-047950	990	848.316	36.4542	0.909913
CTE_Ocyropsis_crystallina2|v8-047952	1281	1139.32	47.0844	0.87507
CTE_Ocyropsis_crystallina2|v8-047962	1606	1464.32	66.6232	0.963386
CTE_Ocyropsis_crystallina2|v8-047965	439	297.469	6.30391	0.448722
CTE_Ocyropsis_crystallina2|v8-086866	1935	1793.32	839.04	9.90686
CTE_Ocyropsis_crystallina2|v8-086867	1679	1537.32	65.8758	0.907346
CTE_Ocyropsis_crystallina2|v8-086870	1037	895.316	71.3567	1.6876
CTE_Ocyropsis_crystallina2|v8-086871	1104	962.316	6.3459	0.139632
CTE_Ocyropsis_crystallina2|v8-086872	1125	983.316	0	0
CTE_Ocyropsis_crystallina2|v8-086873	1781	1639.32	155.56	2.0093
CTE_Ocyropsis_crystallina2|v8-086874	1604	1462.32	1.43975	0.0208475
CTE_Ocyropsis_crystallina2|v8-086875	1971	1829.32	77.0796	0.892197
CTE_Ocyropsis_crystallina2|v8-086878	1489	1347.32	15.0978	0.237276
CTE_Ocyropsis_crystallina2|v8-120682	565	423.316	16.2912	0.81489
CTE_Ocyropsis_crystallina2|v8-123110	964	822.316	4.02828	0.103727
CTE_Ocyropsis_crystallina2|v8-123113	1305	1163.32	22.7236	0.413609
CTE_Ocyropsis_crystallina2|v8-123114	2144	2002.32	34.9254	0.369334
CTE_Ocyropsis_crystallina2|v8-123115	1780	1638.32	13.3004	0.1719
CTE_Ocyropsis_crystallina2|v8-163377	574	432.316	47.227	2.31312
CTE_Ocyropsis_crystallina2|v8-163379	532	390.316	15.8906	0.862052
CTE_Ocyropsis_crystallina2|v8-163380	2270	2128.32	158.731	1.57919
CTE_Ocyropsis_crystallina2|v8-163381	1414	1272.32	331.836	5.52254
CTE_Ocyropsis_maculata1|v8-15783	650	428.313	24	1.59695
CTE_Pleurobrachia_bachei1|v8-010237	475	248.399	5	0.612318
CTE_Pleurobrachia_bachei1|v8-084914	831	589.112	31	1.60074
CTE_Pleurobrachia_bachei1|v8-084915	1543	1300.79	42.6808	0.998119
CTE_Pleurobrachia_bachei1|v8-084920	1390	1147.79	41.4288	1.09799
CTE_Pleurobrachia_bachei1|v8-084921	1223	980.791	42.0178	1.30321
CTE_Pleurobrachia_bachei1|v8-085866	723	482.059	22	1.38829
CTE_Pleurobrachia_bachei1|v8-085867	1390	1147.79	44	1.16613
CTE_Pleurobrachia_pileus1|v8-003319	870	656.803	29.9687	1.68607
CTE_Pleurobrachia_pileus1|v8-005955	681	467.803	20.0602	1.58458
CTE_Pleurobrachia_pileus1|v8-052273	509	296.026	11.9559	1.49243
CTE_Pleurobrachia_pileus1|v8-067512	522	308.968	21.0441	2.51686
CTE_Pleurobrachia_pileus1|v8-075687	367	158.801	8	1.86157
CTE_Pleurobrachia_pileus1|v8-112854	1892	1678.8	66.644	1.46691
CTE_Pleurobrachia_pileus1|v8-112857	408	196.671	1.41235	0.265364
CTE_Pleurobrachia_pileus1|v8-135162	413	201.441	8	1.46752
CTE_Pleurobrachia_pileus1|v8-150692	319	120.417	5	1.53435
CTE_Pleurobrachia_pileus1|v8-184954	562	348.839	7.19473	0.762132
CTE_Pleurobrachia_pileus1|v8-184955	1116	902.803	49.2831	2.01719
CTE_Pleurobrachia_sp1|v8-12243	364	211.295	29.8222	5.56824
CTE_Pleurobrachia_sp1|v8-48558	1933	1780.04	96.6918	2.14302
CTE_Pleurobrachia_sp1|v8-64614	849	696.042	91.8692	5.20717
CTE_Pleurobrachia_sp2|v8-008109	431	310.696	13.9523	3.02837
CTE_Pukia_falcata1|v8-041862	935	785.958	12.5749	0.517851
CTE_Pukia_falcata1|v8-041863	1279	1129.96	37.6801	1.07932
CTE_Pukia_falcata1|v8-055593	566	417.043	33.8907	2.63028
CTE_Pukia_falcata1|v8-055594	980	830.958	150.206	5.85071
CTE_Pukia_falcata1|v8-071199	358	209.875	28	4.31817
CTE_Pukia_falcata1|v8-086734	488	339.113	23.628	2.2552
CTE_Pukia_falcata1|v8-087456	483	334.113	6.81059	0.659771
CTE_Pukia_falcata1|v8-087457	322	174.371	18.8328	3.49576
CTE_Pukia_falcata1|v8-106103	480	331.113	29	2.83481
CTE_Thalassocalyce_inconstans1|v8-01032	1952	1738.91	133	2.09327
CTE_Thalassocalyce_inconstans1|v8-04574	1926	1712.91	13791.8	220.362
CTE_Thalassocalyce_inconstans1|v8-04575	305	102.576	17.2247	4.59576
CTE_Thalassocalyce_inconstans1|v8-22167	1669	1455.91	154	2.89492
CTE_Thalassocalyce_inconstans1|v8-46350	1913	1699.91	152.77	2.45959
CTE_Thalassocalyce_inconstans1|v8-46351	1910	1696.91	116.23	1.87461
CTE_Tjalfiella_pink1|v8-016595	2278	1998.83	31.8559	0.114847
CTE_Tjalfiella_pink1|v8-016596	2271	1991.83	0	0
CTE_Tjalfiella_pink1|v8-016600	2894	2614.83	94.3174	0.259928
CTE_Tjalfiella_pink1|v8-016602	885	605.831	92.5404	1.10074
CTE_Tjalfiella_pink1|v8-016603	2255	1975.83	349.988	1.27646
CTE_Vallicula_multiformis1|v8-003232	2463	2312.68	156.761	1.84157
CTE_Vallicula_multiformis1|v8-003233	1958	1807.68	319.754	4.80574
CTE_Vallicula_multiformis1|v8-034255	459	308.863	32.7381	2.87974
CTE_Vallicula_multiformis2|v8-001025	389	159.652	5	0.934929
CTE_Vallicula_multiformis2|v8-050207	443	210.976	4.65925	0.659271
CTE_Vallicula_multiformis2|v8-121763	475	242.224	21.3739	2.6342
CTE_Vallicula_multiformis2|v8-123996	362	135.679	2	0.440048
CTE_Vallicula_multiformis2|v8-159837	686	452.881	20.3408	1.3408
CTE_Velamen_parallelum1|v8-08497	890	642.536	21.2115	1.40411
CTE_Velamen_parallelum1|v8-08501	811	563.536	21.7885	1.6445
CTE_Velamen_parallelum1|v8-21927	2476	2228.54	38.6088	0.736877
CTE_Velamen_parallelum1|v8-21928	3206	2958.54	221.493	3.18428
CTE_Velamen_parallelum1|v8-21930	2420	2172.54	65.1234	1.27497
CTE_Velamen_parallelum1|v8-21931	375	149.375	4.16526	1.18602
CTE_Velamen_parallelum1|v8-21932	801	553.536	23.1057	1.77542
CTE_Velamen_parallelum1|v8-21933	938	690.536	21.1926	1.30535
CTE_Velamen_parallelum1|v8-21934	2866	2618.54	6.5878	0.107007
CTE_Velamen_parallelum1|v8-21935	1770	1522.54	24.6144	0.687623
CTE_Velamen_parallelum1|v8-32584	300	93.1921	4	1.82561
CTE_Velamen_parallelum1|v8-54320	340	121.888	9	3.14058
CTE_Velamen_parallelum1|v8-57773	916	668.536	27.7506	1.76553
CTE_Velamen_parallelum1|v8-57774	666	419.22	7.45499	0.756368
CTE_Velamen_parallelum1|v8-57775	919	671.536	13.7944	0.8737
CTE_Velamen_parallelum1|v8-60802	650	403.369	16	1.68712
CTE_Velamen_parallelum1|v8-60803	403	172.486	15	3.69884
CTE_Velamen_parallelum1|v8-74081	441	205.089	6	1.24434
CTE_Velamen_parallelum1|v8-74352	814	566.536	7.97309	0.598587
CTE_Velamen_parallelum1|v8-74353	914	666.536	17.0269	1.08653
CTE_Velamen_parallelum1|v8-74354	384	156.654	10	2.71511
CTE_Vermillion_lobate1|v8-019288	909	712.145	27.191	1.19517
CTE_Vermillion_lobate1|v8-019289	1999	1802.14	552.198	9.59134
CTE_Vermillion_lobate1|v8-019290	1461	1264.14	0	0
CTE_Vermillion_lobate1|v8-019291	2103	1906.14	201.611	3.31081
CTE_Vermillion_lobate1|v8-019292	1298	1101.14	104.559	2.9723
CTE_Vermillion_lobate1|v8-024631	2422	2225.14	533.222	7.50109
CTE_Vermillion_lobate1|v8-024632	2422	2225.14	281.038	3.9535
CTE_Vermillion_lobate1|v8-024633	2428	2231.14	1193.88	16.7497
CTE_Vermillion_lobate1|v8-024634	1193	996.145	224.933	7.06813
CTE_Vermillion_lobate1|v8-024635	2173	1976.14	768.93	12.1799
CTE_Vermillion_lobate1|v8-024636	458	262.776	28	3.33539
CTE_Vermillion_lobate1|v8-030307	356	165.371	9	1.70356
CTE_Vermillion_lobate1|v8-039893	688	491.145	14.7295	0.938757
CTE_Vermillion_lobate1|v8-053460	849	652.145	47.3313	2.27184
CTE_Vermillion_lobate1|v8-068550	1226	1029.14	75.8716	2.30769
CTE_Vermillion_lobate1|v8-097050	2020	1823.14	121.797	2.09117
CTE_Vermillion_lobate1|v8-105176	311	125.447	19.6145	4.8943
CTE_Vermillion_lobate1|v8-105177	1959	1762.14	7418.97	131.788
CTE_Vermillion_lobate1|v8-105178	905	708.145	381.607	16.8682
CTE_Vermillion_lobate1|v8-105179	1251	1054.14	570.661	16.9454
CTE_Vermillion_lobate1|v8-105180	388	195.337	39.2116	6.28356
CTE_Vermillion_lobate1|v8-105181	1062	865.145	150.579	5.44817
CTE_Vermillion_lobate1|v8-105182	1274	1077.14	889.481	25.8486
CTE_Vermillion_lobate1|v8-105183	643	446.189	63.3255	4.44257
CTE_Vermillion_lobate1|v8-105184	1970	1773.14	1542.43	27.2292
CTE_Vermillion_lobate1|v8-105185	1603	1406.14	1310.92	29.1824
CTE_Vermillion_lobate1|v8-105186	644	447.189	80.1134	5.60775
CTE_Vermillion_lobate1|v8-131536	1932	1735.14	3061.46	55.229
CTE_Vermillion_lobate1|v8-131537	1894	1697.14	3241.54	59.787
CTE_Vermillion_lobate1|v8-134167	511	314.702	393.069	39.0971
CTE_Vermillion_lobate1|v8-134168	480	284.238	66.9734	7.37555
CTE_Vermillion_lobate1|v8-134169	1910	1713.14	2594.4	47.4042
CTE_Vermillion_lobate1|v8-134170	741	544.145	457.873	26.3394
CTE_Vermillion_lobate1|v8-134171	845	648.145	169.441	8.18314
CTE_Vermillion_lobate1|v8-134172	466	270.55	42.9361	4.96764
CTE_Vermillion_lobate1|v8-134173	1818	1621.14	929.444	17.9463
CTE_Vermillion_lobate1|v8-134176	1818	1621.14	842.449	16.2666
CTE_Vermillion_lobate1|v8-134177	1924	1727.14	841.113	15.244
CTE_Weird_cteno1|v8-004555	365	178.132	6	1.35749
CTE_Weird_cteno1|v8-018916	550	356.696	6.54072	0.739019
CTE_Weird_cteno1|v8-036927	505	312.387	15.4593	1.99445
